Transaction ID,Product name,Product ID,Quantity,Total amount,Sales Channel,Customer First Name,Customer Last Name,Customer Email,Series City,Created Date,Imported_File
TC14093,5.5x8.5 Product C Tokyo,PA1123,2,7.0,CHmobile app,Jewell,Erlandson,Jewell.Erlandson@example.com,Tokyo,2024-04-13,DailySales_20241304_1003.csv
TC14094,4.25x6 Product B Sagamihara,PA410,6,10.8,CHmobile app,Krystal,Taylor,Krystal.Taylor@example.com,Sagamihara,2024-04-13,DailySales_20241304_1003.csv
TC14095,5.5x8.5 Product C Pune,PA1177,2,6.4,CHmobile app,George,Ware,George.Ware@example.com,Pune,2024-04-13,DailySales_20241304_1003.csv
TC14096,5.5x8.5 Product D Osaka,PA1190,3,7.5,CHmobile app,Janice,Barksdale,Janice.Barksdale@example.com,Osaka,2024-04-13,DailySales_20241304_1003.csv
TC14097,6x9 Product E Sagamihara,PA1598,2,4.0,CHweb,Judy,Darling,Judy.Darling@example.com,Sagamihara,2024-04-13,DailySales_20241304_1003.csv
TC14098,6x9 Product C Kawasaki,PA1465,4,6.8,CHmobile app,Yvonne,Bicknell,Yvonne.Bicknell@example.com,Kawasaki,2024-04-13,DailySales_20241304_1003.csv
TC14099,6x11 Product D Osaka,PA1850,1,2.8,CHmobile app,Joe,Ruiz,Joe.Ruiz@example.com,Osaka,2024-04-13,DailySales_20241304_1003.csv
TC14100,6x11 Product D Chengdu,PA1882,1,4.4,CHweb,Jewell,Wright,Jewell.Wright@example.com,Chengdu,2024-04-13,DailySales_20241304_1003.csv
TC14101,5x7 Product B Kawasaki,PA739,1,3.4,CHmobile app,Francis,Smith,Francis.Smith@example.com,Kawasaki,2024-04-13,DailySales_20241304_1003.csv
TC14102,5.5x8.5 Product C Kobe,PA1128,4,10.8,CHweb,Shaun,Taylor,Shaun.Taylor@example.com,Kobe,2024-04-13,DailySales_20241304_1003.csv
TC14103,5x7 Product E Shenzhen,PA956,3,8.399999999999999,CHweb,Lorraine,Mushrush,Lorraine.Mushrush@example.com,Shenzhen,2024-04-13,DailySales_20241304_1003.csv
TC14104,4x6 Product D Chongqing,PA234,2,6.4,CHin-store,Caitlin,Edwards,Caitlin.Edwards@example.com,Chongqing,2024-04-13,DailySales_20241304_1003.csv
TC14105,4.25x6 Product C Beijing,PA492,2,7.6,CHmobile app,Arthur,Payne,Arthur.Payne@example.com,Beijing,2024-04-13,DailySales_20241304_1003.csv
TC14106,5.5x8.5 Product C Yangon,PA1183,1,2.9,CHmobile app,Gregory,Mclellan,Gregory.Mclellan@example.com,Yangon,2024-04-13,DailySales_20241304_1003.csv
TC14107,4.25x6 Product B Sydney,PA420,5,16.0,CHweb,Lynda,Hughes,Lynda.Hughes@example.com,Sydney,2024-04-13,DailySales_20241304_1003.csv
TC14108,6x9 Product B Phnom Penh,PA1450,3,4.800000000000001,CHmobile app,Gene,Johnson,Gene.Johnson@example.com,Phnom Penh,2024-04-13,DailySales_20241304_1003.csv
TC14109,4x6 Product E Ulaanbaatar,PA330,6,10.8,CHmobile app,Samuel,Wynn,Samuel.Wynn@example.com,Ulaanbaatar,2024-04-13,DailySales_20241304_1003.csv
TC14110,5x7 Product C Ho Chi Minh City,PA838,3,9.6,CHweb,Cleveland,Reichmann,Cleveland.Reichmann@example.com,Ho Chi Minh City,2024-04-13,DailySales_20241304_1003.csv
TC14111,4x6 Product E Shenzhen,PA296,3,10.2,CHmobile app,Candy,Boyd,Candy.Boyd@example.com,Shenzhen,2024-04-13,DailySales_20241304_1003.csv
TC14112,4x6 Product A Hyderabad,PA51,5,18.0,CHmobile app,Robert,Halm,Robert.Halm@example.com,Hyderabad,2024-04-13,DailySales_20241304_1003.csv
TC14113,5x7 Product D Karachi,PA915,3,10.8,CHmobile app,Sarah,Ray,Sarah.Ray@example.com,Karachi,2024-04-13,DailySales_20241304_1003.csv
TC14114,6x11 Product C Kolkata,PA1834,2,3.0,CHin-store,Orlando,Abramson,Orlando.Abramson@example.com,Kolkata,2024-04-13,DailySales_20241304_1003.csv
TC14115,6x11 Product E Jakarta,PA1956,2,4.4,CHmobile app,Brandon,Lambert,Brandon.Lambert@example.com,Jakarta,2024-04-13,DailySales_20241304_1003.csv
TC14116,5x7 Product D Naha,PA874,4,6.8,CHmobile app,Michael,Hopper,Michael.Hopper@example.com,Naha,2024-04-13,DailySales_20241304_1003.csv
TC14117,5x7 Product A Dhaka,PA720,6,19.200000000000003,CHweb,Carl,Velazquez,Carl.Velazquez@example.com,Dhaka,2024-04-13,DailySales_20241304_1003.csv
TC14118,4.25x6 Product E Tokyo,PA595,4,8.8,CHweb,Penny,Noriega,Penny.Noriega@example.com,Tokyo,2024-04-13,DailySales_20241304_1003.csv
TC14119,5.5x8.5 Product D Perth,PA1211,1,2.7,CHweb,Walter,Hiestand,Walter.Hiestand@example.com,Perth,2024-04-13,DailySales_20241304_1003.csv
TC14120,4x6 Product E Incheon,PA291,6,19.200000000000003,CHin-store,Abby,Napier,Abby.Napier@example.com,Incheon,2024-04-13,DailySales_20241304_1003.csv
TC14121,5x7 Product D Adelaide,PA875,3,4.800000000000001,CHmobile app,Harry,Johnson,Harry.Johnson@example.com,Adelaide,2024-04-13,DailySales_20241304_1003.csv
TC14122,6x11 Product A Adelaide,PA1667,2,8.8,CHmobile app,Susan,Bordley,Susan.Bordley@example.com,Adelaide,2024-04-13,DailySales_20241304_1003.csv
TC14123,6x11 Product C Chongqing,PA1818,2,7.4,CHmobile app,Jeff,Felix,Jeff.Felix@example.com,Chongqing,2024-04-13,DailySales_20241304_1003.csv
TC14124,4.25x6 Product D Bangalore,PA578,4,11.6,CHmobile app,John,Brown,John.Brown@example.com,Bangalore,2024-04-13,DailySales_20241304_1003.csv
TC14125,6x9 Product D Busan,PA1544,2,4.8,CHweb,Kathryn,Brady,Kathryn.Brady@example.com,Busan,2024-04-13,DailySales_20241304_1003.csv
TC14126,5.5x8.5 Product C Karachi,PA1179,1,3.7,CHmobile app,Jeff,Gilden,Jeff.Gilden@example.com,Karachi,2024-04-13,DailySales_20241304_1003.csv
TC14127,6x11 Product B Colombo,PA1779,2,3.4,CHweb,Susan,England,Susan.England@example.com,Colombo,2024-04-13,DailySales_20241304_1003.csv
TC14128,6x9 Product D Adelaide,PA1535,4,16.0,CHin-store,James,Rodriguez,James.Rodriguez@example.com,Adelaide,2024-04-13,DailySales_20241304_1003.csv
TC14129,5.5x8.5 Product E Okayama,PA1269,3,12.3,CHweb,Brian,Carpenter,Brian.Carpenter@example.com,Okayama,2024-04-13,DailySales_20241304_1003.csv
TC14130,6x11 Product A Singapore,PA1697,2,5.6,CHweb,Edward,Ramsey,Edward.Ramsey@example.com,Singapore,2024-04-13,DailySales_20241304_1003.csv
TC14131,4.25x6 Product C Busan,PA488,3,7.5,CHweb,Chad,Barnette,Chad.Barnette@example.com,Busan,2024-04-13,DailySales_20241304_1003.csv
TC14132,6x9 Product D Chiba,PA1529,3,6.0,CHin-store,Guadalupe,Proctor,Guadalupe.Proctor@example.com,Chiba,2024-04-13,DailySales_20241304_1003.csv
TC14133,6x11 Product A Darwin,PA1670,5,17.0,CHin-store,Edward,Henderson,Edward.Henderson@example.com,Darwin,2024-04-13,DailySales_20241304_1003.csv
TC14134,4x6 Product D Shanghai,PA229,4,6.4,CHin-store,Brian,Seamons,Brian.Seamons@example.com,Shanghai,2024-04-13,DailySales_20241304_1003.csv
TC14135,6x11 Product E Hong Kong,PA1952,2,8.8,CHin-store,John,Santana,John.Santana@example.com,Hong Kong,2024-04-13,DailySales_20241304_1003.csv
TC14136,5.5x8.5 Product C Shenzhen,PA1154,2,3.6,CHin-store,Cory,Cisneros,Cory.Cisneros@example.com,Shenzhen,2024-04-13,DailySales_20241304_1003.csv
TC14137,5.5x8.5 Product E Pune,PA1309,1,1.5,CHin-store,Patrick,Stiles,Patrick.Stiles@example.com,Pune,2024-04-13,DailySales_20241304_1003.csv
TC14138,6x9 Product A Kawasaki,PA1333,3,11.1,CHin-store,Calvin,Wagoner,Calvin.Wagoner@example.com,Kawasaki,2024-04-13,DailySales_20241304_1003.csv
TC14139,6x11 Product D Kuala Lumpur,PA1891,4,14.4,CHweb,Autumn,Leblanc,Autumn.Leblanc@example.com,Kuala Lumpur,2024-04-13,DailySales_20241304_1003.csv
TC14140,5.5x8.5 Product D Chengdu,PA1222,1,2.6,CHmobile app,Billy,Anderson,Billy.Anderson@example.com,Chengdu,2024-04-13,DailySales_20241304_1003.csv
TC14141,4.25x6 Product A Chennai,PA383,1,1.7,CHweb,Gracia,Reid,Gracia.Reid@example.com,Chennai,2024-04-13,DailySales_20241304_1003.csv
TC14142,5x7 Product C Tianjin,PA829,2,7.4,CHweb,Robert,Perez,Robert.Perez@example.com,Tianjin,2024-04-13,DailySales_20241304_1003.csv
TC14143,5x7 Product B Sapporo,PA730,1,2.0,CHmobile app,Amanda,Carbone,Amanda.Carbone@example.com,Sapporo,2024-04-13,DailySales_20241304_1003.csv
TC14144,6x9 Product C Darwin,PA1472,4,10.8,CHmobile app,Matthew,Hair,Matthew.Hair@example.com,Darwin,2024-04-13,DailySales_20241304_1003.csv
TC14145,5x7 Product E Yangon,PA985,2,4.8,CHweb,Marvin,Rosado,Marvin.Rosado@example.com,Yangon,2024-04-13,DailySales_20241304_1003.csv
TC14146,4.25x6 Product B Osaka,PA398,3,11.4,CHmobile app,Jack,Pokswinski,Jack.Pokswinski@example.com,Osaka,2024-04-13,DailySales_20241304_1003.csv
TC14147,6x9 Product E Sydney,PA1608,6,21.0,CHmobile app,Victor,Erkkila,Victor.Erkkila@example.com,Sydney,2024-04-13,DailySales_20241304_1003.csv
TC14148,4.25x6 Product E Osaka,PA596,3,5.1,CHin-store,Megan,Mccollum,Megan.Mccollum@example.com,Osaka,2024-04-13,DailySales_20241304_1003.csv
TC14149,6x11 Product B Surat,PA1772,4,13.2,CHmobile app,Yvonne,Decker,Yvonne.Decker@example.com,Surat,2024-04-13,DailySales_20241304_1003.csv
TC14150,4.25x6 Product C Chennai,PA515,4,16.8,CHweb,Ronald,Sanford,Ronald.Sanford@example.com,Chennai,2024-04-13,DailySales_20241304_1003.csv
TC14151,6x9 Product D Shenzhen,PA1550,6,14.4,CHweb,Victor,Looney,Victor.Looney@example.com,Shenzhen,2024-04-13,DailySales_20241304_1003.csv
TC14152,5x7 Product C Hobart,PA813,4,6.0,CHmobile app,Carol,Blattner,Carol.Blattner@example.com,Hobart,2024-04-13,DailySales_20241304_1003.csv
TC14153,5.5x8.5 Product D Pune,PA1243,5,21.5,CHmobile app,Jim,Montano,Jim.Montano@example.com,Pune,2024-04-13,DailySales_20241304_1003.csv
TC14154,4x6 Product B Kobe,PA72,1,1.6,CHmobile app,Charles,Villegas,Charles.Villegas@example.com,Kobe,2024-04-13,DailySales_20241304_1003.csv
TC14155,4.25x6 Product D Bangalore,PA578,1,2.9,CHin-store,Doris,Davis,Doris.Davis@example.com,Bangalore,2024-04-13,DailySales_20241304_1003.csv
TC14156,6x11 Product A Brisbane,PA1668,4,10.4,CHweb,Vivian,Norris,Vivian.Norris@example.com,Brisbane,2024-04-13,DailySales_20241304_1003.csv
TC14157,5x7 Product B Perth,PA749,1,4.1,CHweb,Sandra,Berger,Sandra.Berger@example.com,Perth,2024-04-13,DailySales_20241304_1003.csv
TC14158,5x7 Product C Islamabad,PA851,6,10.2,CHweb,Kevin,Stonis,Kevin.Stonis@example.com,Islamabad,2024-04-13,DailySales_20241304_1003.csv
TC14159,5.5x8.5 Product B Phnom Penh,PA1120,4,9.6,CHmobile app,Christy,Kozel,Christy.Kozel@example.com,Phnom Penh,2024-04-13,DailySales_20241304_1003.csv
TC14160,5x7 Product C Tokyo,PA793,6,9.0,CHweb,Bryan,Albright,Bryan.Albright@example.com,Tokyo,2024-04-13,DailySales_20241304_1003.csv
TC14161,4x6 Product E Manila,PA308,6,21.6,CHmobile app,Beryl,Romney,Beryl.Romney@example.com,Manila,2024-04-13,DailySales_20241304_1003.csv
TC14162,6x9 Product D Colombo,PA1581,4,17.6,CHweb,Jimmie,Gaddy,Jimmie.Gaddy@example.com,Colombo,2024-04-13,DailySales_20241304_1003.csv
TC14163,6x9 Product C Hobart,PA1473,6,24.6,CHmobile app,Fred,Seamons,Fred.Seamons@example.com,Hobart,2024-04-13,DailySales_20241304_1003.csv
TC14164,4.25x6 Product A Manila,PA374,6,15.6,CHmobile app,Wade,Depriest,Wade.Depriest@example.com,Manila,2024-04-13,DailySales_20241304_1003.csv
TC14165,6x9 Product A Seoul,PA1345,1,3.1,CHmobile app,Stephen,Gonzalez,Stephen.Gonzalez@example.com,Seoul,2024-04-13,DailySales_20241304_1003.csv
TC14166,4x6 Product B Dalian,PA95,4,13.2,CHweb,Ann,Mistretta,Ann.Mistretta@example.com,Dalian,2024-04-13,DailySales_20241304_1003.csv
TC14167,4.25x6 Product B Beijing,PA426,5,17.0,CHin-store,Rosalie,Kolar,Rosalie.Kolar@example.com,Beijing,2024-04-13,DailySales_20241304_1003.csv
TC14168,4.25x6 Product A Bangalore,PA380,2,3.0,CHin-store,Andrew,Ziech,Andrew.Ziech@example.com,Bangalore,2024-04-13,DailySales_20241304_1003.csv
TC14169,6x11 Product C Melbourne,PA1804,6,22.200000000000003,CHweb,Phillip,Sparling,Phillip.Sparling@example.com,Melbourne,2024-04-13,DailySales_20241304_1003.csv
TC14170,4.25x6 Product D Colombo,PA591,4,10.0,CHin-store,Ellen,Turner,Ellen.Turner@example.com,Colombo,2024-04-13,DailySales_20241304_1003.csv
TC14171,6x9 Product B Nagoya,PA1389,3,5.1,CHweb,Estelle,Barnes,Estelle.Barnes@example.com,Nagoya,2024-04-13,DailySales_20241304_1003.csv
TC14172,4x6 Product A Hobart,PA21,1,2.0,CHmobile app,Cynthia,Lopez,Cynthia.Lopez@example.com,Hobart,2024-04-13,DailySales_20241304_1003.csv
TC14173,6x9 Product E Taipei,PA1623,4,6.0,CHweb,Michelle,Goldstein,Michelle.Goldstein@example.com,Taipei,2024-04-13,DailySales_20241304_1003.csv
TC14174,5.5x8.5 Product A Islamabad,PA1049,6,9.6,CHin-store,Donald,Magness,Donald.Magness@example.com,Islamabad,2024-04-13,DailySales_20241304_1003.csv
TC14175,5x7 Product A Bangkok,PA701,2,8.2,CHmobile app,Elizabeth,Gibson,Elizabeth.Gibson@example.com,Bangkok,2024-04-13,DailySales_20241304_1003.csv
TC14176,6x11 Product E Kyoto,PA1921,4,14.4,CHin-store,David,Gebhard,David.Gebhard@example.com,Kyoto,2024-04-13,DailySales_20241304_1003.csv
TC14177,4x6 Product C Bangalore,PA182,3,10.5,CHin-store,William,Sherman,William.Sherman@example.com,Bangalore,2024-04-13,DailySales_20241304_1003.csv
TC14178,5x7 Product E Hong Kong,PA962,4,12.8,CHin-store,Latoyia,Buster,Latoyia.Buster@example.com,Hong Kong,2024-04-13,DailySales_20241304_1003.csv
TC14179,6x11 Product B Daegu,PA1744,2,6.8,CHweb,Tracy,Hansberry,Tracy.Hansberry@example.com,Daegu,2024-04-13,DailySales_20241304_1003.csv
TC14180,6x9 Product A Kawasaki,PA1333,3,11.1,CHmobile app,Grace,Helmus,Grace.Helmus@example.com,Kawasaki,2024-04-13,DailySales_20241304_1003.csv
TC14181,6x9 Product E Beijing,PA1614,4,17.2,CHmobile app,Kimber,Mckenzie,Kimber.Mckenzie@example.com,Beijing,2024-04-13,DailySales_20241304_1003.csv
TC14182,4.25x6 Product A Sendai,PA338,2,4.6,CHweb,Rosalina,West,Rosalina.West@example.com,Sendai,2024-04-13,DailySales_20241304_1003.csv
TC14183,4.25x6 Product C Jakarta,PA504,4,8.0,CHweb,Ana,Howry,Ana.Howry@example.com,Jakarta,2024-04-13,DailySales_20241304_1003.csv
TC14184,5x7 Product B Tianjin,PA763,2,8.8,CHweb,Christy,Graham,Christy.Graham@example.com,Tianjin,2024-04-13,DailySales_20241304_1003.csv
TC14185,5x7 Product E Incheon,PA951,3,9.9,CHmobile app,Susan,Wright,Susan.Wright@example.com,Incheon,2024-04-13,DailySales_20241304_1003.csv
TC14186,6x11 Product B Dalian,PA1745,5,20.5,CHmobile app,Thelma,Waite,Thelma.Waite@example.com,Dalian,2024-04-13,DailySales_20241304_1003.csv
TC14187,4x6 Product B Yangon,PA127,4,10.8,CHin-store,David,Thacker,David.Thacker@example.com,Yangon,2024-04-13,DailySales_20241304_1003.csv
TC14188,6x11 Product D Shenzhen,PA1880,5,13.5,CHin-store,Craig,Mccombs,Craig.Mccombs@example.com,Shenzhen,2024-04-13,DailySales_20241304_1003.csv
TC14189,4x6 Product B Ahmedabad,PA120,6,13.2,CHweb,Rosalinda,Feldman,Rosalinda.Feldman@example.com,Ahmedabad,2024-04-13,DailySales_20241304_1003.csv
TC14190,5x7 Product D Pune,PA913,6,21.0,CHweb,Paul,Moss,Paul.Moss@example.com,Pune,2024-04-13,DailySales_20241304_1003.csv
TC14191,6x9 Product A Kolkata,PA1372,5,7.5,CHin-store,Norma,Tatum,Norma.Tatum@example.com,Kolkata,2024-04-13,DailySales_20241304_1003.csv
TC14192,6x11 Product B Hiroshima,PA1725,2,6.4,CHmobile app,Carole,Schram,Carole.Schram@example.com,Hiroshima,2024-04-13,DailySales_20241304_1003.csv
TC14193,5.5x8.5 Product C Adelaide,PA1139,4,13.6,CHin-store,Betsey,Mcdonald,Betsey.Mcdonald@example.com,Adelaide,2024-04-13,DailySales_20241304_1003.csv
TC14194,6x11 Product C Taipei,PA1821,1,3.1,CHweb,Terry,Benson,Terry.Benson@example.com,Taipei,2024-04-13,DailySales_20241304_1003.csv
TC14195,5.5x8.5 Product D Bangkok,PA1229,4,14.8,CHweb,Stefan,Smith,Stefan.Smith@example.com,Bangkok,2024-04-13,DailySales_20241304_1003.csv
TC14196,5x7 Product C Manila,PA836,5,16.5,CHweb,Aaron,Alleman,Aaron.Alleman@example.com,Manila,2024-04-13,DailySales_20241304_1003.csv
TC14197,5x7 Product C Phnom Penh,PA856,6,23.4,CHweb,Lashunda,Ivey,Lashunda.Ivey@example.com,Phnom Penh,2024-04-13,DailySales_20241304_1003.csv
TC14198,6x11 Product C Yangon,PA1843,1,2.4,CHweb,Thelma,Keith,Thelma.Keith@example.com,Yangon,2024-04-13,DailySales_20241304_1003.csv
TC14199,6x9 Product C Lahore,PA1510,5,7.5,CHweb,Virginia,Huff,Virginia.Huff@example.com,Lahore,2024-04-13,DailySales_20241304_1003.csv
TC14200,4x6 Product E Shenzhen,PA296,3,10.2,CHin-store,Joe,Rohde,Joe.Rohde@example.com,Shenzhen,2024-04-13,DailySales_20241304_1003.csv
TC14201,5.5x8.5 Product E Chiba,PA1265,1,4.2,CHmobile app,Annie,Hinojosa,Annie.Hinojosa@example.com,Chiba,2024-04-13,DailySales_20241304_1003.csv
TC14202,5.5x8.5 Product E Hong Kong,PA1292,3,10.2,CHmobile app,Floyd,Oliver,Floyd.Oliver@example.com,Hong Kong,2024-04-13,DailySales_20241304_1003.csv
TC14203,5x7 Product E Islamabad,PA983,4,16.4,CHmobile app,Dennis,Bennett,Dennis.Bennett@example.com,Islamabad,2024-04-13,DailySales_20241304_1003.csv
TC14204,4.25x6 Product D Ho Chi Minh City,PA574,4,7.6,CHin-store,Everette,Cipriano,Everette.Cipriano@example.com,Ho Chi Minh City,2024-04-13,DailySales_20241304_1003.csv
TC14205,5x7 Product E Kyoto,PA931,6,13.2,CHmobile app,Kathy,Welter,Kathy.Welter@example.com,Kyoto,2024-04-13,DailySales_20241304_1003.csv
TC14206,4.25x6 Product C Chongqing,PA498,2,7.4,CHmobile app,August,Turner,August.Turner@example.com,Chongqing,2024-04-13,DailySales_20241304_1003.csv
TC14207,6x11 Product C Taipei,PA1821,2,6.2,CHmobile app,Bobby,Eichelberger,Bobby.Eichelberger@example.com,Taipei,2024-04-13,DailySales_20241304_1003.csv
TC14208,6x11 Product B Perth,PA1739,1,3.9,CHin-store,David,Ramsey,David.Ramsey@example.com,Perth,2024-04-13,DailySales_20241304_1003.csv
TC14209,6x11 Product B Sapporo,PA1720,1,3.7,CHin-store,Rachel,Wilson,Rachel.Wilson@example.com,Sapporo,2024-04-13,DailySales_20241304_1003.csv
TC14210,4.25x6 Product B Hanoi,PA441,1,4.0,CHweb,Leo,King,Leo.King@example.com,Hanoi,2024-04-13,DailySales_20241304_1003.csv
TC14211,4.25x6 Product D Bangkok,PA569,6,19.8,CHweb,David,Clark,David.Clark@example.com,Bangkok,2024-04-13,DailySales_20241304_1003.csv
TC14212,4.25x6 Product E Hanoi,PA639,3,5.4,CHmobile app,Arlene,Connell,Arlene.Connell@example.com,Hanoi,2024-04-13,DailySales_20241304_1003.csv
TC14213,5.5x8.5 Product C Kyoto,PA1129,5,13.0,CHmobile app,Patricia,Shannon,Patricia.Shannon@example.com,Kyoto,2024-04-13,DailySales_20241304_1003.csv
TC14214,4.25x6 Product D Tokyo,PA529,1,3.9,CHin-store,Lucas,Elliott,Lucas.Elliott@example.com,Tokyo,2024-04-13,DailySales_20241304_1003.csv
TC14215,5.5x8.5 Product D Vientiane,PA1253,2,6.0,CHweb,Gloria,Rather,Gloria.Rather@example.com,Vientiane,2024-04-13,DailySales_20241304_1003.csv
TC14216,4x6 Product A Sagamihara,PA14,5,12.0,CHin-store,Rosie,Steiner,Rosie.Steiner@example.com,Sagamihara,2024-04-13,DailySales_20241304_1003.csv
TC14217,6x11 Product B Phnom Penh,PA1780,2,7.2,CHmobile app,Jordan,Gibson,Jordan.Gibson@example.com,Phnom Penh,2024-04-13,DailySales_20241304_1003.csv
TC14218,6x9 Product C Tianjin,PA1489,1,1.5,CHweb,Charles,Sherman,Charles.Sherman@example.com,Tianjin,2024-04-13,DailySales_20241304_1003.csv
TC14219,4.25x6 Product A Kawasaki,PA343,1,2.7,CHmobile app,Joyce,Mushrush,Joyce.Mushrush@example.com,Kawasaki,2024-04-13,DailySales_20241304_1003.csv
TC14220,5x7 Product D Incheon,PA885,5,9.0,CHmobile app,Clarence,Garrett,Clarence.Garrett@example.com,Incheon,2024-04-13,DailySales_20241304_1003.csv
TC14221,5.5x8.5 Product D Saitama,PA1198,6,10.2,CHweb,Melinda,Edelson,Melinda.Edelson@example.com,Saitama,2024-04-13,DailySales_20241304_1003.csv
TC14222,6x9 Product A Chongqing,PA1356,5,9.0,CHweb,Jason,Allen,Jason.Allen@example.com,Chongqing,2024-04-13,DailySales_20241304_1003.csv
TC14223,6x11 Product C Hanoi,PA1827,2,5.8,CHweb,Connie,Roberts,Connie.Roberts@example.com,Hanoi,2024-04-13,DailySales_20241304_1003.csv
TC14224,4.25x6 Product D Chiba,PA539,3,6.9,CHweb,Brian,Lara,Brian.Lara@example.com,Chiba,2024-04-13,DailySales_20241304_1003.csv
TC14225,4.25x6 Product D Karachi,PA585,5,17.0,CHmobile app,James,Black,James.Black@example.com,Karachi,2024-04-13,DailySales_20241304_1003.csv
TC14226,6x11 Product A Sendai,PA1658,2,7.8,CHin-store,Joseph,Miller,Joseph.Miller@example.com,Sendai,2024-04-13,DailySales_20241304_1003.csv
TC14227,5.5x8.5 Product E Kaohsiung,PA1294,6,21.0,CHmobile app,Ernest,Jones,Ernest.Jones@example.com,Kaohsiung,2024-04-13,DailySales_20241304_1003.csv
TC14228,6x11 Product A Sagamihara,PA1664,3,9.6,CHweb,Frank,Rodriguez,Frank.Rodriguez@example.com,Sagamihara,2024-04-13,DailySales_20241304_1003.csv
TC14229,5x7 Product A Kaohsiung,PA700,5,15.0,CHmobile app,Christy,Province,Christy.Province@example.com,Kaohsiung,2024-04-13,DailySales_20241304_1003.csv
TC14230,4.25x6 Product D Perth,PA551,5,14.5,CHmobile app,Douglas,Vessels,Douglas.Vessels@example.com,Perth,2024-04-13,DailySales_20241304_1003.csv
TC14231,5x7 Product E Wuhan,PA959,6,25.8,CHweb,Yolanda,Garcia,Yolanda.Garcia@example.com,Wuhan,2024-04-13,DailySales_20241304_1003.csv
TC14232,6x9 Product A Ahmedabad,PA1374,5,17.0,CHweb,David,Slone,David.Slone@example.com,Ahmedabad,2024-04-13,DailySales_20241304_1003.csv
TC14233,4x6 Product B Osaka,PA68,6,10.2,CHmobile app,Diane,Huffman,Diane.Huffman@example.com,Osaka,2024-04-13,DailySales_20241304_1003.csv
TC14234,6x9 Product C Incheon,PA1479,4,6.0,CHweb,Mark,Kolar,Mark.Kolar@example.com,Incheon,2024-04-13,DailySales_20241304_1003.csv
TC14235,4.25x6 Product A Bangkok,PA371,6,11.4,CHweb,Clint,Simon,Clint.Simon@example.com,Bangkok,2024-04-13,DailySales_20241304_1003.csv
TC14236,6x11 Product B Colombo,PA1779,4,6.8,CHweb,Ricky,Lewis,Ricky.Lewis@example.com,Colombo,2024-04-13,DailySales_20241304_1003.csv
TC14237,4.25x6 Product C Sapporo,PA466,4,8.0,CHmobile app,Hilary,Littlejohn,Hilary.Littlejohn@example.com,Sapporo,2024-04-13,DailySales_20241304_1003.csv
TC14238,5x7 Product E Ulaanbaatar,PA990,2,8.4,CHweb,Nicholas,Waldeck,Nicholas.Waldeck@example.com,Ulaanbaatar,2024-04-13,DailySales_20241304_1003.csv
TC14239,5x7 Product B Hobart,PA747,3,10.5,CHweb,Francis,Johnson,Francis.Johnson@example.com,Hobart,2024-04-13,DailySales_20241304_1003.csv
TC14240,5.5x8.5 Product A Hong Kong,PA1028,4,9.2,CHweb,Ernest,Mosher,Ernest.Mosher@example.com,Hong Kong,2024-04-13,DailySales_20241304_1003.csv
TC14241,5x7 Product B Melbourne,PA748,6,13.2,CHweb,Rachel,Rodriguez,Rachel.Rodriguez@example.com,Melbourne,2024-04-13,DailySales_20241304_1003.csv
TC14242,4.25x6 Product E Bangalore,PA644,3,7.800000000000001,CHmobile app,Brian,Martinez,Brian.Martinez@example.com,Bangalore,2024-04-13,DailySales_20241304_1003.csv
TC14243,6x9 Product B Pune,PA1441,2,5.8,CHweb,Robert,Sparling,Robert.Sparling@example.com,Pune,2024-04-13,DailySales_20241304_1003.csv
TC14244,4x6 Product A Tokyo,PA1,5,7.5,CHin-store,Cynthia,Lawson,Cynthia.Lawson@example.com,Tokyo,2024-04-13,DailySales_20241304_1003.csv
TC14245,4.25x6 Product E Hyderabad,PA645,1,2.7,CHweb,Harold,Echols,Harold.Echols@example.com,Hyderabad,2024-04-13,DailySales_20241304_1003.csv
TC14246,6x9 Product B Jakarta,PA1428,3,11.4,CHin-store,Anthony,Ricks,Anthony.Ricks@example.com,Jakarta,2024-04-13,DailySales_20241304_1003.csv
TC14247,6x9 Product C Incheon,PA1479,3,4.5,CHmobile app,Jody,Connor,Jody.Connor@example.com,Incheon,2024-04-13,DailySales_20241304_1003.csv
TC14248,5x7 Product E Dhaka,PA984,2,4.4,CHin-store,Antonio,Berger,Antonio.Berger@example.com,Dhaka,2024-04-13,DailySales_20241304_1003.csv
TC14249,4x6 Product E Hyderabad,PA315,4,16.8,CHweb,Charlie,Russell,Charlie.Russell@example.com,Hyderabad,2024-04-13,DailySales_20241304_1003.csv
TC14250,5x7 Product B Kaohsiung,PA766,4,9.6,CHweb,John,Baker,John.Baker@example.com,Kaohsiung,2024-04-13,DailySales_20241304_1003.csv
TC14251,4x6 Product C Perth,PA155,1,2.2,CHweb,Amanda,Alexander,Amanda.Alexander@example.com,Perth,2024-04-13,DailySales_20241304_1003.csv
TC14252,4x6 Product E Yangon,PA325,4,8.8,CHmobile app,Andrew,Littlejohn,Andrew.Littlejohn@example.com,Yangon,2024-04-13,DailySales_20241304_1003.csv
TC14253,5x7 Product A Beijing,PA690,6,9.6,CHmobile app,Lawrence,Severance,Lawrence.Severance@example.com,Beijing,2024-04-13,DailySales_20241304_1003.csv
TC14254,4.25x6 Product E Seoul,PA619,6,13.8,CHin-store,Roxane,Nozum,Roxane.Nozum@example.com,Seoul,2024-04-13,DailySales_20241304_1003.csv
TC14255,4.25x6 Product E Ahmedabad,PA648,2,4.0,CHweb,Frederick,Wade,Frederick.Wade@example.com,Ahmedabad,2024-04-13,DailySales_20241304_1003.csv
TC14256,6x11 Product A Beijing,PA1680,6,10.2,CHweb,Nancy,Omalley,Nancy.Omalley@example.com,Beijing,2024-04-13,DailySales_20241304_1003.csv
TC14257,6x11 Product D Islamabad,PA1907,4,8.0,CHweb,Daniel,Decker,Daniel.Decker@example.com,Islamabad,2024-04-13,DailySales_20241304_1003.csv
TC14258,4x6 Product C Kawasaki,PA145,6,18.6,CHmobile app,Travis,Jaworowski,Travis.Jaworowski@example.com,Kawasaki,2024-04-13,DailySales_20241304_1003.csv
TC14259,6x9 Product A Dhaka,PA1380,5,18.0,CHweb,Rachel,Bennett,Rachel.Bennett@example.com,Dhaka,2024-04-13,DailySales_20241304_1003.csv
TC14260,5x7 Product C Mumbai,PA840,6,12.6,CHweb,Ruby,Hannah,Ruby.Hannah@example.com,Mumbai,2024-04-13,DailySales_20241304_1003.csv
TC14261,5.5x8.5 Product B Guangzhou,PA1089,2,8.8,CHmobile app,Valerie,Flaherty,Valerie.Flaherty@example.com,Guangzhou,2024-04-13,DailySales_20241304_1003.csv
TC14262,4x6 Product E Chengdu,PA298,4,14.0,CHmobile app,Shannon,Mcguire,Shannon.Mcguire@example.com,Chengdu,2024-04-13,DailySales_20241304_1003.csv
TC14263,4x6 Product D Canberra,PA217,1,3.0,CHmobile app,Donald,James,Donald.James@example.com,Canberra,2024-04-13,DailySales_20241304_1003.csv
TC14264,6x11 Product B Kobe,PA1722,2,6.8,CHin-store,Laurel,Ford,Laurel.Ford@example.com,Kobe,2024-04-13,DailySales_20241304_1003.csv
TC14265,6x11 Product A Tianjin,PA1687,2,6.2,CHweb,Marvin,Porterfield,Marvin.Porterfield@example.com,Tianjin,2024-04-13,DailySales_20241304_1003.csv
TC14266,4.25x6 Product D Seoul,PA553,1,4.2,CHmobile app,Rosalinda,Martell,Rosalinda.Martell@example.com,Seoul,2024-04-13,DailySales_20241304_1003.csv
TC14267,5.5x8.5 Product D Melbourne,PA1210,2,8.8,CHweb,Diane,Justen,Diane.Justen@example.com,Melbourne,2024-04-13,DailySales_20241304_1003.csv
TC14268,4x6 Product B Adelaide,PA83,6,16.200000000000003,CHin-store,Bryan,Hayes,Bryan.Hayes@example.com,Adelaide,2024-04-13,DailySales_20241304_1003.csv
TC14269,6x9 Product C Bangalore,PA1502,5,9.0,CHweb,Sonia,Picken,Sonia.Picken@example.com,Bangalore,2024-04-13,DailySales_20241304_1003.csv
TC14270,6x9 Product E Ulaanbaatar,PA1650,1,3.4,CHmobile app,Kevin,Williams,Kevin.Williams@example.com,Ulaanbaatar,2024-04-13,DailySales_20241304_1003.csv
TC14271,4.25x6 Product E Lahore,PA652,2,6.2,CHweb,Cherrie,Mclain,Cherrie.Mclain@example.com,Lahore,2024-04-13,DailySales_20241304_1003.csv
TC14272,6x11 Product B Karachi,PA1773,5,11.5,CHmobile app,Sharon,Fritz,Sharon.Fritz@example.com,Karachi,2024-04-13,DailySales_20241304_1003.csv
TC14273,6x11 Product B Kobe,PA1722,6,20.4,CHweb,Marvin,Walker,Marvin.Walker@example.com,Kobe,2024-04-13,DailySales_20241304_1003.csv
TC14274,4.25x6 Product A Chennai,PA383,6,10.2,CHweb,Margaret,Stringer,Margaret.Stringer@example.com,Chennai,2024-04-13,DailySales_20241304_1003.csv
TC14275,5x7 Product B Perth,PA749,2,8.2,CHmobile app,Edward,Freeman,Edward.Freeman@example.com,Perth,2024-04-13,DailySales_20241304_1003.csv
TC14276,4x6 Product E Perth,PA287,4,17.2,CHweb,Maryanne,Jones,Maryanne.Jones@example.com,Perth,2024-04-13,DailySales_20241304_1003.csv
TC14277,6x11 Product C Kitakyushu,PA1794,5,19.0,CHmobile app,Cynthia,Lancaster,Cynthia.Lancaster@example.com,Kitakyushu,2024-04-13,DailySales_20241304_1003.csv
TC14278,5x7 Product A Manila,PA704,3,7.199999999999999,CHweb,Benjamin,Menden,Benjamin.Menden@example.com,Manila,2024-04-13,DailySales_20241304_1003.csv
TC14279,5x7 Product D Darwin,PA878,4,10.8,CHmobile app,Antonette,Hackney,Antonette.Hackney@example.com,Darwin,2024-04-13,DailySales_20241304_1003.csv
TC14280,6x11 Product C Brisbane,PA1800,2,3.6,CHin-store,Eric,Green,Eric.Green@example.com,Brisbane,2024-04-13,DailySales_20241304_1003.csv
TC14281,6x9 Product D Shenzhen,PA1550,3,7.199999999999999,CHmobile app,Billy,Mistretta,Billy.Mistretta@example.com,Shenzhen,2024-04-13,DailySales_20241304_1003.csv
TC14282,4x6 Product A Vientiane,PA65,2,6.2,CHmobile app,Catherine,Morris,Catherine.Morris@example.com,Vientiane,2024-04-13,DailySales_20241304_1003.csv
TC14283,6x11 Product A Naha,PA1666,4,13.6,CHmobile app,Mikel,Brown,Mikel.Brown@example.com,Naha,2024-04-13,DailySales_20241304_1003.csv
TC14284,4.25x6 Product E Tianjin,PA631,6,19.8,CHweb,Joyce,Hendricks,Joyce.Hendricks@example.com,Tianjin,2024-04-13,DailySales_20241304_1003.csv
TC14285,6x11 Product E Dhaka,PA1974,5,11.0,CHweb,John,Ross,John.Ross@example.com,Dhaka,2024-04-13,DailySales_20241304_1003.csv
TC14286,6x9 Product C Tianjin,PA1489,3,4.5,CHweb,Reinaldo,Turner,Reinaldo.Turner@example.com,Tianjin,2024-04-13,DailySales_20241304_1003.csv
TC14287,6x9 Product D Kathmandu,PA1580,3,6.6000000000000005,CHmobile app,Calvin,Brown,Calvin.Brown@example.com,Kathmandu,2024-04-13,DailySales_20241304_1003.csv
TC14288,4x6 Product A Lahore,PA58,2,6.2,CHweb,Javier,Dacus,Javier.Dacus@example.com,Lahore,2024-04-13,DailySales_20241304_1003.csv
TC14289,5.5x8.5 Product D Ho Chi Minh City,PA1234,2,8.4,CHmobile app,Dawn,Depriest,Dawn.Depriest@example.com,Ho Chi Minh City,2024-04-13,DailySales_20241304_1003.csv
TC14290,4.25x6 Product D Chengdu,PA562,6,10.8,CHmobile app,Mildred,Merritt,Mildred.Merritt@example.com,Chengdu,2024-04-13,DailySales_20241304_1003.csv
TC14291,4.25x6 Product A Okayama,PA345,3,9.9,CHweb,Bruce,Gregory,Bruce.Gregory@example.com,Okayama,2024-04-13,DailySales_20241304_1003.csv
TC14292,6x9 Product D Shanghai,PA1549,2,3.4,CHweb,Roger,Richardson,Roger.Richardson@example.com,Shanghai,2024-04-13,DailySales_20241304_1003.csv
TC14293,5x7 Product E Kolkata,PA976,4,11.2,CHweb,Andrea,Harrison,Andrea.Harrison@example.com,Kolkata,2024-04-13,DailySales_20241304_1003.csv
TC14294,6x9 Product E Adelaide,PA1601,5,7.5,CHmobile app,Richard,Thomas,Richard.Thomas@example.com,Adelaide,2024-04-13,DailySales_20241304_1003.csv
TC14295,5x7 Product A Darwin,PA680,5,12.5,CHin-store,Bradley,Elliott,Bradley.Elliott@example.com,Darwin,2024-04-13,DailySales_20241304_1003.csv
TC14296,4x6 Product D Naha,PA214,1,3.6,CHmobile app,Erika,Aguirre,Erika.Aguirre@example.com,Naha,2024-04-13,DailySales_20241304_1003.csv
TC14297,5x7 Product C Bangkok,PA833,4,6.4,CHmobile app,Derek,Bambacigno,Derek.Bambacigno@example.com,Bangkok,2024-04-13,DailySales_20241304_1003.csv
TC14298,6x11 Product E Yangon,PA1975,4,16.0,CHweb,Thomas,Ramos,Thomas.Ramos@example.com,Yangon,2024-04-13,DailySales_20241304_1003.csv
TC14299,4.25x6 Product C Tokyo,PA463,3,6.6000000000000005,CHmobile app,Phyllis,Eichelberger,Phyllis.Eichelberger@example.com,Tokyo,2024-04-13,DailySales_20241304_1003.csv
TC14300,5.5x8.5 Product D Ulaanbaatar,PA1254,5,19.5,CHmobile app,Darlene,Campbell,Darlene.Campbell@example.com,Ulaanbaatar,2024-04-13,DailySales_20241304_1003.csv
TC14301,4x6 Product A Adelaide,PA17,1,1.7,CHweb,Christopher,Biltz,Christopher.Biltz@example.com,Adelaide,2024-04-13,DailySales_20241304_1003.csv
TC14302,5x7 Product C Tianjin,PA829,6,22.200000000000003,CHweb,Dorothy,Reid,Dorothy.Reid@example.com,Tianjin,2024-04-13,DailySales_20241304_1003.csv
TC14303,5x7 Product E Chongqing,PA960,6,10.8,CHweb,James,Fujihara,James.Fujihara@example.com,Chongqing,2024-04-13,DailySales_20241304_1003.csv
TC14304,4x6 Product D Sendai,PA206,1,3.0,CHweb,Margaret,Henderson,Margaret.Henderson@example.com,Sendai,2024-04-13,DailySales_20241304_1003.csv
TC14305,6x11 Product A Bangkok,PA1691,2,8.6,CHweb,Sharon,Jacobson,Sharon.Jacobson@example.com,Bangkok,2024-04-13,DailySales_20241304_1003.csv
TC14306,5.5x8.5 Product A Chennai,PA1043,5,14.0,CHweb,Krystal,Morris,Krystal.Morris@example.com,Chennai,2024-04-13,DailySales_20241304_1003.csv
TC14307,6x11 Product A Guangzhou,PA1683,2,8.6,CHweb,Edward,Luciano,Edward.Luciano@example.com,Guangzhou,2024-04-13,DailySales_20241304_1003.csv
TC14308,6x11 Product D Colombo,PA1911,5,20.0,CHmobile app,Grace,Smith,Grace.Smith@example.com,Colombo,2024-04-13,DailySales_20241304_1003.csv
TC14309,6x11 Product A Manila,PA1694,1,1.5,CHmobile app,Raul,Welter,Raul.Welter@example.com,Manila,2024-04-13,DailySales_20241304_1003.csv
TC14310,4.25x6 Product A Guangzhou,PA363,2,3.0,CHmobile app,Richard,Briggs,Richard.Briggs@example.com,Guangzhou,2024-04-13,DailySales_20241304_1003.csv
TC14311,4.25x6 Product B Saitama,PA406,6,12.0,CHin-store,Michelle,Briggs,Michelle.Briggs@example.com,Saitama,2024-04-13,DailySales_20241304_1003.csv
TC14312,4x6 Product A Osaka,PA2,2,7.4,CHmobile app,Sharon,Mcgovern,Sharon.Mcgovern@example.com,Osaka,2024-04-13,DailySales_20241304_1003.csv
TC14313,4x6 Product B Saitama,PA76,1,2.4,CHweb,Mildred,Long,Mildred.Long@example.com,Saitama,2024-04-13,DailySales_20241304_1003.csv
TC14314,6x9 Product E Hobart,PA1605,3,11.4,CHmobile app,Tracy,Morris,Tracy.Morris@example.com,Hobart,2024-04-13,DailySales_20241304_1003.csv
TC14315,4x6 Product C Bangalore,PA182,1,3.5,CHin-store,Russell,Abramson,Russell.Abramson@example.com,Bangalore,2024-04-13,DailySales_20241304_1003.csv
TC14316,6x9 Product C Saitama,PA1462,6,10.2,CHweb,Roxane,Hammer,Roxane.Hammer@example.com,Saitama,2024-04-13,DailySales_20241304_1003.csv
TC14317,5.5x8.5 Product E Adelaide,PA1271,6,10.2,CHmobile app,Edward,Navarez,Edward.Navarez@example.com,Adelaide,2024-04-13,DailySales_20241304_1003.csv
TC14318,4.25x6 Product B Hyderabad,PA447,3,10.8,CHmobile app,Carey,Dunn,Carey.Dunn@example.com,Hyderabad,2024-04-13,DailySales_20241304_1003.csv
TC14319,6x11 Product B Hong Kong,PA1754,2,3.0,CHmobile app,John,Thornton,John.Thornton@example.com,Hong Kong,2024-04-13,DailySales_20241304_1003.csv
TC14320,5x7 Product A Adelaide,PA677,5,13.5,CHweb,Tony,Okie,Tony.Okie@example.com,Adelaide,2024-04-13,DailySales_20241304_1003.csv
TC14321,6x9 Product D Seoul,PA1543,5,18.0,CHin-store,Wanda,Courtney,Wanda.Courtney@example.com,Seoul,2024-04-13,DailySales_20241304_1003.csv
TC14322,5x7 Product D Tianjin,PA895,1,1.5,CHweb,Michael,James,Michael.James@example.com,Tianjin,2024-04-13,DailySales_20241304_1003.csv
TC14323,4.25x6 Product D Chennai,PA581,3,10.5,CHweb,Abel,Walker,Abel.Walker@example.com,Chennai,2024-04-13,DailySales_20241304_1003.csv
TC14324,6x9 Product B Singapore,PA1433,3,9.3,CHweb,John,Martinez,John.Martinez@example.com,Singapore,2024-04-13,DailySales_20241304_1003.csv
TC14325,6x11 Product B Colombo,PA1779,4,6.8,CHweb,Rosie,Mclean,Rosie.Mclean@example.com,Colombo,2024-04-13,DailySales_20241304_1003.csv
TC14326,6x11 Product C Incheon,PA1809,3,12.3,CHweb,Cory,Waldeck,Cory.Waldeck@example.com,Incheon,2024-04-13,DailySales_20241304_1003.csv
TC14327,6x11 Product D Kolkata,PA1900,6,26.4,CHmobile app,Kendra,Morris,Kendra.Morris@example.com,Kolkata,2024-04-13,DailySales_20241304_1003.csv
TC14328,6x9 Product D Guangzhou,PA1551,5,7.5,CHin-store,Vivian,Burcham,Vivian.Burcham@example.com,Guangzhou,2024-04-13,DailySales_20241304_1003.csv
TC14329,6x9 Product E Brisbane,PA1602,2,8.6,CHin-store,Samuel,Brown,Samuel.Brown@example.com,Brisbane,2024-04-13,DailySales_20241304_1003.csv
TC14330,6x9 Product C Naha,PA1468,2,4.0,CHmobile app,Adelia,Donnelly,Adelia.Donnelly@example.com,Naha,2024-04-13,DailySales_20241304_1003.csv
TC14331,6x11 Product B Kitakyushu,PA1728,1,4.1,CHweb,Shaun,Tuttle,Shaun.Tuttle@example.com,Kitakyushu,2024-04-13,DailySales_20241304_1003.csv
TC14332,6x9 Product D Hyderabad,PA1569,3,7.5,CHmobile app,Virgilio,Barksdale,Virgilio.Barksdale@example.com,Hyderabad,2024-04-13,DailySales_20241304_1003.csv
TC14333,5.5x8.5 Product A Sagamihara,PA1004,5,12.0,CHmobile app,Dawn,Williams,Dawn.Williams@example.com,Sagamihara,2024-04-13,DailySales_20241304_1003.csv
TC14334,6x9 Product B Shenzhen,PA1418,5,7.5,CHweb,Thelma,Creamer,Thelma.Creamer@example.com,Shenzhen,2024-04-13,DailySales_20241304_1003.csv
TC14335,6x11 Product B Hobart,PA1737,1,2.2,CHweb,Brandon,Moody,Brandon.Moody@example.com,Hobart,2024-04-13,DailySales_20241304_1003.csv
TC14336,6x9 Product E Melbourne,PA1606,5,14.5,CHmobile app,Jody,Johnson,Jody.Johnson@example.com,Melbourne,2024-04-13,DailySales_20241304_1003.csv
TC14337,6x11 Product C Adelaide,PA1799,1,4.1,CHweb,Carol,Hackney,Carol.Hackney@example.com,Adelaide,2024-04-13,DailySales_20241304_1003.csv
TC14338,4.25x6 Product C Lahore,PA520,5,19.0,CHmobile app,Abel,Smith,Abel.Smith@example.com,Lahore,2024-04-13,DailySales_20241304_1003.csv
TC14339,6x11 Product C Lahore,PA1840,5,13.0,CHin-store,Margaret,Rogers,Margaret.Rogers@example.com,Lahore,2024-04-13,DailySales_20241304_1003.csv
TC14340,4x6 Product C Chengdu,PA166,5,14.0,CHin-store,Douglas,Flaherty,Douglas.Flaherty@example.com,Chengdu,2024-04-13,DailySales_20241304_1003.csv
TC14341,6x11 Product E Saitama,PA1924,6,16.799999999999997,CHmobile app,Thomas,Ridling,Thomas.Ridling@example.com,Saitama,2024-04-13,DailySales_20241304_1003.csv
TC14342,5.5x8.5 Product A Sapporo,PA994,5,18.0,CHweb,Edith,Scher,Edith.Scher@example.com,Sapporo,2024-04-13,DailySales_20241304_1003.csv
TC14343,5x7 Product D Dhaka,PA918,6,11.4,CHmobile app,Carolyn,Keith,Carolyn.Keith@example.com,Dhaka,2024-04-13,DailySales_20241304_1003.csv
TC14344,6x9 Product E Sapporo,PA1588,6,20.4,CHweb,Charles,Pruett,Charles.Pruett@example.com,Sapporo,2024-04-13,DailySales_20241304_1003.csv
TC14345,6x9 Product C Ho Chi Minh City,PA1498,1,3.7,CHmobile app,Charles,Nelson,Charles.Nelson@example.com,Ho Chi Minh City,2024-04-13,DailySales_20241304_1003.csv
TC14346,5x7 Product C Karachi,PA849,6,17.4,CHweb,Sarah,Smith,Sarah.Smith@example.com,Karachi,2024-04-13,DailySales_20241304_1003.csv
TC14347,6x9 Product E Kaohsiung,PA1624,4,14.4,CHin-store,Kasey,Kessel,Kasey.Kessel@example.com,Kaohsiung,2024-04-13,DailySales_20241304_1003.csv
TC14348,4.25x6 Product A Mumbai,PA378,2,5.8,CHweb,Jennifer,Gilden,Jennifer.Gilden@example.com,Mumbai,2024-04-13,DailySales_20241304_1003.csv
TC14349,4.25x6 Product A Ahmedabad,PA384,3,6.6000000000000005,CHweb,Yvonne,Brown,Yvonne.Brown@example.com,Ahmedabad,2024-04-13,DailySales_20241304_1003.csv
TC14350,6x11 Product C Okayama,PA1797,5,19.0,CHweb,Barbara,Branch,Barbara.Branch@example.com,Okayama,2024-04-13,DailySales_20241304_1003.csv
TC14351,4x6 Product A Jakarta,PA42,1,1.5,CHweb,Brenda,Keith,Brenda.Keith@example.com,Jakarta,2024-04-13,DailySales_20241304_1003.csv
TC14352,5.5x8.5 Product B Manila,PA1100,6,22.8,CHweb,Carlo,Otten,Carlo.Otten@example.com,Manila,2024-04-13,DailySales_20241304_1003.csv
TC14353,4.25x6 Product C Lahore,PA520,4,15.2,CHmobile app,Justin,Mirza,Justin.Mirza@example.com,Lahore,2024-04-13,DailySales_20241304_1003.csv
TC14354,4.25x6 Product B Vientiane,PA461,4,9.6,CHweb,Alena,Fitzgerald,Alena.Fitzgerald@example.com,Vientiane,2024-04-13,DailySales_20241304_1003.csv
TC14355,6x11 Product A Taipei,PA1689,4,10.0,CHmobile app,Thelma,Brown,Thelma.Brown@example.com,Taipei,2024-04-13,DailySales_20241304_1003.csv
TC14356,4x6 Product B Pune,PA121,2,7.6,CHmobile app,Darlene,Marshall,Darlene.Marshall@example.com,Pune,2024-04-13,DailySales_20241304_1003.csv
TC14357,6x9 Product B Shenzhen,PA1418,4,6.0,CHweb,Michael,Joiner,Michael.Joiner@example.com,Shenzhen,2024-04-13,DailySales_20241304_1003.csv
TC14358,5x7 Product D Mumbai,PA906,4,8.0,CHweb,Thelma,Miller,Thelma.Miller@example.com,Mumbai,2024-04-13,DailySales_20241304_1003.csv
TC14359,6x9 Product B Kobe,PA1392,2,5.0,CHweb,Eugene,Davis,Eugene.Davis@example.com,Kobe,2024-04-13,DailySales_20241304_1003.csv
TC14360,5x7 Product E Fukuoka,PA929,4,17.6,CHmobile app,John,Josey,John.Josey@example.com,Fukuoka,2024-04-13,DailySales_20241304_1003.csv
TC14361,6x9 Product E Bangkok,PA1625,3,12.0,CHmobile app,James,Lindquist,James.Lindquist@example.com,Bangkok,2024-04-13,DailySales_20241304_1003.csv
TC14362,4.25x6 Product C Hong Kong,PA500,2,7.8,CHweb,Joel,Williams,Joel.Williams@example.com,Hong Kong,2024-04-13,DailySales_20241304_1003.csv
TC14363,6x9 Product D Surat,PA1574,4,9.6,CHmobile app,Daniel,Cochran,Daniel.Cochran@example.com,Surat,2024-04-13,DailySales_20241304_1003.csv
TC14364,4.25x6 Product E Bangkok,PA635,4,15.6,CHmobile app,Kristin,Anderson,Kristin.Anderson@example.com,Bangkok,2024-04-13,DailySales_20241304_1003.csv
TC14365,6x11 Product E Canberra,PA1933,2,7.4,CHmobile app,Abel,Keyes,Abel.Keyes@example.com,Canberra,2024-04-13,DailySales_20241304_1003.csv
TC14366,6x11 Product B Ulaanbaatar,PA1782,4,6.0,CHin-store,Sharon,Kepler,Sharon.Kepler@example.com,Ulaanbaatar,2024-04-13,DailySales_20241304_1003.csv
TC14367,6x11 Product E Kuala Lumpur,PA1957,6,26.4,CHmobile app,Jeff,Pell,Jeff.Pell@example.com,Kuala Lumpur,2024-04-13,DailySales_20241304_1003.csv
TC14368,5.5x8.5 Product B Lahore,PA1114,4,10.8,CHin-store,Wanda,Williams,Wanda.Williams@example.com,Lahore,2024-04-13,DailySales_20241304_1003.csv
TC14369,4x6 Product A Tokyo,PA1,1,1.5,CHweb,Orlando,Jones,Orlando.Jones@example.com,Tokyo,2024-04-13,DailySales_20241304_1003.csv
TC14370,5.5x8.5 Product B Canberra,PA1075,1,3.9,CHweb,Leif,Martinez,Leif.Martinez@example.com,Canberra,2024-04-13,DailySales_20241304_1003.csv
TC14371,5.5x8.5 Product B Busan,PA1082,5,13.0,CHweb,Tamra,Stuckey,Tamra.Stuckey@example.com,Busan,2024-04-13,DailySales_20241304_1003.csv
TC14372,5x7 Product C Singapore,PA839,4,13.2,CHmobile app,Gracia,Lovick,Gracia.Lovick@example.com,Singapore,2024-04-13,DailySales_20241304_1003.csv
TC14373,5x7 Product D Dalian,PA887,6,12.6,CHweb,Kelvin,Kavanagh,Kelvin.Kavanagh@example.com,Dalian,2024-04-13,DailySales_20241304_1003.csv
TC14374,4x6 Product B Vientiane,PA131,2,6.6,CHmobile app,Eric,Thompson,Eric.Thompson@example.com,Vientiane,2024-04-13,DailySales_20241304_1003.csv
TC14375,5x7 Product C Hanoi,PA837,6,22.8,CHweb,Zachary,Rodriguez,Zachary.Rodriguez@example.com,Hanoi,2024-04-13,DailySales_20241304_1003.csv
TC14376,4x6 Product A Pune,PA55,5,9.0,CHmobile app,Patricia,Phillips,Patricia.Phillips@example.com,Pune,2024-04-13,DailySales_20241304_1003.csv
TC14377,5x7 Product B Kaohsiung,PA766,2,4.8,CHmobile app,Lynda,Stringer,Lynda.Stringer@example.com,Kaohsiung,2024-04-13,DailySales_20241304_1003.csv
TC14378,5.5x8.5 Product D Kyoto,PA1195,6,22.200000000000003,CHweb,Sylvia,Hopper,Sylvia.Hopper@example.com,Kyoto,2024-04-13,DailySales_20241304_1003.csv
TC14379,4.25x6 Product C Manila,PA506,1,2.1,CHmobile app,Mildred,Musigdilok,Mildred.Musigdilok@example.com,Manila,2024-04-13,DailySales_20241304_1003.csv
TC14380,5x7 Product E Chengdu,PA958,5,20.0,CHweb,Nicole,Sanders,Nicole.Sanders@example.com,Chengdu,2024-04-13,DailySales_20241304_1003.csv
TC14381,6x11 Product A Kathmandu,PA1712,2,7.2,CHin-store,Lawrence,Santana,Lawrence.Santana@example.com,Kathmandu,2024-04-13,DailySales_20241304_1003.csv
TC14382,4x6 Product C Ulaanbaatar,PA198,5,10.5,CHin-store,Joseph,Fawcett,Joseph.Fawcett@example.com,Ulaanbaatar,2024-04-13,DailySales_20241304_1003.csv
TC14383,4.25x6 Product C Sapporo,PA466,3,6.0,CHweb,Mary,Kiger,Mary.Kiger@example.com,Sapporo,2024-04-13,DailySales_20241304_1003.csv
TC14384,5.5x8.5 Product D Tokyo,PA1189,1,2.2,CHmobile app,Jimmy,Mclellan,Jimmy.Mclellan@example.com,Tokyo,2024-04-13,DailySales_20241304_1003.csv
TC14385,4x6 Product B Melbourne,PA88,4,15.6,CHweb,Matthew,Fritz,Matthew.Fritz@example.com,Melbourne,2024-04-13,DailySales_20241304_1003.csv
TC14386,6x9 Product D Chengdu,PA1552,4,10.0,CHweb,Beverly,Brooks,Beverly.Brooks@example.com,Chengdu,2024-04-13,DailySales_20241304_1003.csv
TC14387,4.25x6 Product D Phnom Penh,PA592,2,5.8,CHmobile app,Joseph,Schroeder,Joseph.Schroeder@example.com,Phnom Penh,2024-04-13,DailySales_20241304_1003.csv
TC14388,4x6 Product E Darwin,PA284,1,3.2,CHweb,Freida,Payne,Freida.Payne@example.com,Darwin,2024-04-13,DailySales_20241304_1003.csv
TC14389,4x6 Product A Bangkok,PA41,4,8.4,CHweb,Luella,Echols,Luella.Echols@example.com,Bangkok,2024-04-13,DailySales_20241304_1003.csv
TC14390,5x7 Product D Yangon,PA919,3,5.699999999999999,CHweb,James,Grill,James.Grill@example.com,Yangon,2024-04-13,DailySales_20241304_1003.csv
TC14391,6x11 Product E Kyoto,PA1921,6,21.6,CHmobile app,Rosalie,Darling,Rosalie.Darling@example.com,Kyoto,2024-04-13,DailySales_20241304_1003.csv
TC14392,5.5x8.5 Product E Dalian,PA1283,5,11.0,CHmobile app,James,Lewis,James.Lewis@example.com,Dalian,2024-04-13,DailySales_20241304_1003.csv
TC14393,4.25x6 Product E Chennai,PA647,5,13.5,CHmobile app,Joyce,Cassell,Joyce.Cassell@example.com,Chennai,2024-04-13,DailySales_20241304_1003.csv
TC14394,5x7 Product D Seoul,PA883,2,8.6,CHweb,Aurora,Baker,Aurora.Baker@example.com,Seoul,2024-04-13,DailySales_20241304_1003.csv
TC14395,4.25x6 Product E Sapporo,PA598,6,24.0,CHweb,Christopher,Barber,Christopher.Barber@example.com,Sapporo,2024-04-13,DailySales_20241304_1003.csv
TC14396,5x7 Product D Adelaide,PA875,6,9.6,CHmobile app,Thomas,Small,Thomas.Small@example.com,Adelaide,2024-04-13,DailySales_20241304_1003.csv
TC14397,5.5x8.5 Product A Karachi,PA1047,3,6.9,CHmobile app,Carlo,Chafin,Carlo.Chafin@example.com,Karachi,2024-04-13,DailySales_20241304_1003.csv
TC14398,5.5x8.5 Product D Hong Kong,PA1226,6,13.8,CHweb,Amber,Rodriguez,Amber.Rodriguez@example.com,Hong Kong,2024-04-13,DailySales_20241304_1003.csv
TC14399,6x9 Product A Hanoi,PA1365,1,2.6,CHmobile app,Catherine,Hester,Catherine.Hester@example.com,Hanoi,2024-04-13,DailySales_20241304_1003.csv
TC14400,4.25x6 Product A Delhi,PA379,2,5.6,CHweb,Johnny,Sloan,Johnny.Sloan@example.com,Delhi,2024-04-13,DailySales_20241304_1003.csv
TC14401,6x9 Product C Islamabad,PA1511,2,6.0,CHin-store,Kenneth,Velazquez,Kenneth.Velazquez@example.com,Islamabad,2024-04-13,DailySales_20241304_1003.csv
TC14402,4x6 Product C Melbourne,PA154,5,10.5,CHweb,Micheal,Kirk,Micheal.Kirk@example.com,Melbourne,2024-04-13,DailySales_20241304_1003.csv
TC14403,4.25x6 Product E Delhi,PA643,1,3.1,CHmobile app,Guadalupe,Gibson,Guadalupe.Gibson@example.com,Delhi,2024-04-13,DailySales_20241304_1003.csv
TC14404,4x6 Product B Colombo,PA129,1,3.8,CHmobile app,Kenneth,Cloud,Kenneth.Cloud@example.com,Colombo,2024-04-13,DailySales_20241304_1003.csv
